service_name,count
IfL,1
bJmT,1
WZkSB,1
MqZcUD,1
QoXsfog,1
OkIUpkDy,1
KTunPFzPD,1
dhjOkYRBMe,1
DaUUqGWlGgO,1
G,1
Wk,1
Fbh,1
fUFe,1
HMBnI,1
Chpoev,1
veGprQF,1
BwBADUdR,1
DpeCZJgdP,1
sBSUYJQTFj,1
MeRpzhKpLMc,1
A,1
uq,1
ziQ,1
NKge,1
kCITt,1
hgVJjr,1
OBrcavX,1
cxLJjBic,1
kZZlAblVv,1
YoobQmzvre,1
uBMGhyKmqcT,1
H,1
VV,1
vNu,1
uzSs,1
KtzJa,1
RnGEYY,1
toZmjbc,1
jPSaWXgX,1
MuWCNUGBJ,1
sprvuIfijo,1
yEawtWyAIVV,1
M,1
BF,1
zUk,1
QbfP,1
uvWyr,1
eXPcWb,1
qXxkMMV,1
LSOpgSXt,1
AFgBxODTj,1
CpWDKNQyvb,1
JWpSEPTFCYb,1
o,1
QL,1
VJv,1
Umuh,1
ULWHM,1
rcdJsS,1
qEhezFe,1
MYNoXHyC,1
kplJekaAC,1
ZmBhIoPjrj,1
McBVuMqbfoR,1
b,1
cW,1
rlL,1
uQgk,1
Dfuqu,1
xNWFOC,1
ZpTktJa,1
EEpDJjym,1
LQFjCIEwv,1
yyQYPjFciG,1
fvRIyuOTWFI,1
e,1
oV,1
gCk,1
wxBj,1
NyNRp,1
DsRIke,1
pyKwKsS,1
ZoMZwoOm,1
LxUifsuVA,1
jWoRURzZJx,1
NJuNoPeODSt,1
h,1
Fh,1
xQV,1
PgFN,1
gRxIP,1
MbdYvp,1
YMarjiI,1
qdiVAHhV,1
DPbdEzBRg,1
sDGMBgYShP,1
REefffBgVVx,1
J,1
vQ,1
